{
  "name": "angular-resource",
  "version": "1.3.13",
  "main": "./angular-resource.js",
  "ignore": [],
  "dependencies": {
    "angular": "1.3.13"
  },
  "homepage": "https://github.com/angular/bower-angular-resource",
  "_release": "1.3.13",
  "_resolution": {
    "type": "version",
    "tag": "v1.3.13",
    "commit": "0f19e2ca9f4ab1bbc440bd994a063a63cca28ab8"
  },
  "_source": "git://github.com/angular/bower-angular-resource.git",
  "_target": "^1.3.0",
  "_originalSource": "angular-resource"
}